{
	"powers": [
		"nanami:ratio_bar",
		"nanami:ratio_bar_gain",
		"nanami:ratio_bar_zero",
		"nanami:ratio_buff",
		"nanami:ratio_nerf",
		"nanami:ratio_hit",
		"nanami:ratio_hit2",
		"nanami:ratio_sound",
		"nanami:sound_bar",
		"nanami:sound_change",
		"nanami:durability",
		"nanami:hand",
		"nanami:no_sharp",
		"nanami:no_bane",
		"nanami:no_smite",
		"nanami:visual_curse_energy",
		"nanami:no_eq",
		"nanami:salaryman",
		"nanami:overtime",
		"nanami:overtime_bar",
		"nanami:overtime_bar_zero",
		"nanami:overtime_buff",
		"nanami:overtime_buff_plus",
		"nanami:overtime_buff_zero",
		"nanami:overtime_cooldown",
		"nanami:overtime_cooldown_plus",
		"nanami:overtime_cooldown_zero",
		"nanami:overtime_strength"
	],
	"icon": "minecraft:iron_sword",
	"order": 7,
	"impact": 1,
	"name": "Kento Nanami",
	"description": "You are a strong, grade 1 jujutsu sorcerer. You also used to work as a salary man. You don't like either of these jobs"
}