{
    "type": "origins:action_over_time",
    "entity_action": {
                "type": "origins:apply_effect",
                "effect": {
                    "effect": "minecraft:resistance",
                    "amplifier": 0,
                    "duration": 15,
					"show_particles": false,
					"show_icon": false
                }
            },
    "interval": 10,
    "hidden": false,
	"name": "Enhanced durability",
	"description": "Due to your curse energy and years of training, you are more durable than an average human"
}