{
    "type": "origins:action_over_time",
    "entity_action": {
                "type": "origins:apply_effect",
                "effect": {
                    "effect": "minecraft:strength",
                    "amplifier": 0,
                    "duration": 5,
					"show_particles": false,
					"show_icon": false
                }
            },
	"condition": {
		"type": "origins:resource",
		"resource": "nanami:overtime_buff",
		"comparison": ">",
		"compare_to": 0
	},
    "interval": 2,
    "hidden": true
}