{
    "type": "origins:active_self",
    "entity_action": {
		"type": "origins:change_resource",
		"resource": "nanami:overtime_bar",
		"change": 1
		},
	"condition": {
		"type": "origins:resource",
		"resource": "nanami:overtime_cooldown",
		"comparison": ">=",
		"compare_to": 420
	},
	"key": {"key": "key.origins.primary_active"},
	"cooldown": 1,
	"hud_render": {
		"should_render": false},
    "name": "Overtime",
	"description": "After working long enough, you'll be able to go into overtime (primary key). You hate extra work, so you'll become stronger, to finish it faster"
}