{
	"type": "origins:action_over_time",
    "entity_action": {
		"type": "origins:execute_command",
		"command": "playsound minecraft:entity.arrow.hit_player ambient Jester55 ~ ~ ~ 0.3",
		"permission_level": 4
	},
	"condition": {
		"type": "origins:and",
		"conditions": [
			{
			"type": "origins:resource",
			"resource": "nanami:ratio_bar",
			"comparison": "==",
			"compare_to": 48
			},
			{
			"type": "origins:resource",
			"resource": "nanami:sound_bar",
			"comparison": "==",
			"compare_to": 1
			}
		]
	},
	"interval": 1,
	"hidden": true,
	"name": "Sound",
	"description": "Ratio"
}