{
	"type": "origins:modify_damage_dealt",
    "condition": {
		"type": "origins:resource",
		"resource": "nanami:ratio_bar",
		"comparison": ">=",
		"compare_to": 48
	},
    "modifier": {
		"operation": "multiply_total",
		"value": 2
	},
	"hidden": false,
	"name": "Ratio technique",
	"description": "You have a Ratio bar, divided into 10 parts. Hitting an enemy when the bar is beyond the ratio point of 7 to 3 (red part) causes you to hit enemy's weak spot, which makes you deal much more damage. If you fail, you'll take some damage. You can toggle a sound indicator with your secondary key"
}