{
    "type": "origins:active_self",
    "entity_action": {
		"type": "origins:if_else",
		"condition": {
			"type": "origins:resource",
			"resource": "nanami:sound_bar",
			"comparison": "==",
			"compare_to": 0
		},
		"if_action": {
			"type": "origins:change_resource",
			"resource": "nanami:sound_bar",
			"change": 1
		},
		"else_action": {
			"type": "origins:change_resource",
			"resource": "nanami:sound_bar",
			"change": -1
		}
	},
	"key": {
		"key": "key.origins.secondary_active"
	},
	"cooldown": 5,
	"hud_render": {
		"should_render": false,
		"sprite_location": "origins:textures/gui/community/spiderkolo/resource_bar_01.png",
        "bar_index": 5},
	"hidden": true,
	"name": "Sound toggle",
	"description": "Sound"
}